{
  "type": "minecraft:chest",
  "pools": [
    {
      "bonus_rolls": 0,
      "entries": [
        {
          "type": "minecraft:item",
          "functions": [
            {
              "add": false,
              "count": {
                "type": "minecraft:uniform",
                "max": 3,
                "min": 1
              },
              "function": "minecraft:set_count"
            }
          ],
          "name": "minecraft:apple",
          "weight": 15
        },
        {
          "type": "minecraft:item",
          "functions": [
            {
              "add": false,
              "count": {
                "type": "minecraft:uniform",
                "max": 4,
                "min": 1
              },
              "function": "minecraft:set_count"
            }
          ],
          "name": "minecraft:coal",
          "weight": 15
        },
        {
          "type": "minecraft:item",
          "functions": [
            {
              "add": false,
              "count": {
                "type": "minecraft:uniform",
                "max": 3,
                "min": 1
              },
              "function": "minecraft:set_count"
            }
          ],
          "name": "minecraft:gold_nugget",
          "weight": 10
        },
        {
          "type": "minecraft:item",
          "name": "minecraft:stone_axe",
          "weight": 2
        },
        {
          "type": "minecraft:item",
          "name": "minecraft:rotten_flesh",
          "weight": 10
        },
        {
          "type": "minecraft:item",
          "name": "minecraft:emerald"
        },
        {
          "type": "minecraft:item",
          "functions": [
            {
              "add": false,
              "count": {
                "type": "minecraft:uniform",
                "max": 3,
                "min": 2
              },
              "function": "minecraft:set_count"
            }
          ],
          "name": "minecraft:wheat",
          "weight": 10
        }
      ],
      "rolls": {
        "type": "minecraft:uniform",
        "max": 8,
        "min": 2
      }
    },
    {
      "bonus_rolls": 0,
      "entries": [
        {
          "type": "minecraft:item",
          "name": "minecraft:golden_apple"
        }
      ],
      "rolls": 1
    },
    {
      "rolls": 1,
      "entries": [
        {
          "type": "minecraft:empty",
          "weight": 1
        },
        {
          "type": "minecraft:item",
          "name": "minecraft:flower_banner_pattern",
          "weight": 3,
          "conditions": [],
          "functions": [
            {
              "function": "minecraft:set_components",
              "components": {
                "minecraft:item_name": "Spell Pattern",
                "minecraft:item_model": "spell_ice",
                "minecraft:rarity": "rare",
                "minecraft:lore": [
                  {
                    "text": "Ice Fall [60☆]",
                    "color": "gold",
                    "italic": false
                  }
                ]
              }
            },
            {
              "function": "minecraft:set_custom_data",
              "tag": {
                "icespell": true
              }
            },
            {
              "function": "minecraft:set_count",
              "count": 1
            }
          ]
        }
      ]
    }
  ],
  "random_sequence": "minecraft:chests/igloo_chest"
}