{
  "type": "minecraft:chest",
  "pools": [
    {
      "bonus_rolls": 0,
      "entries": [
        {
          "type": "minecraft:item",
          "functions": [
            {
              "add": false,
              "count": {
                "type": "minecraft:uniform",
                "max": 3,
                "min": 1
              },
              "function": "minecraft:set_count"
            }
          ],
          "name": "minecraft:diamond",
          "weight": 3
        },
        {
          "type": "minecraft:item",
          "functions": [
            {
              "add": false,
              "count": {
                "type": "minecraft:uniform",
                "max": 5,
                "min": 1
              },
              "function": "minecraft:set_count"
            }
          ],
          "name": "minecraft:iron_ingot",
          "weight": 10
        },
        {
          "type": "minecraft:item",
          "functions": [
            {
              "add": false,
              "count": {
                "type": "minecraft:uniform",
                "max": 7,
                "min": 2
              },
              "function": "minecraft:set_count"
            }
          ],
          "name": "minecraft:gold_ingot",
          "weight": 15
        },
        {
          "type": "minecraft:item",
          "functions": [
            {
              "add": false,
              "count": {
                "type": "minecraft:uniform",
                "max": 3,
                "min": 1
              },
              "function": "minecraft:set_count"
            }
          ],
          "name": "minecraft:bamboo",
          "weight": 15
        },
        {
          "type": "minecraft:item",
          "functions": [
            {
              "add": false,
              "count": {
                "type": "minecraft:uniform",
                "max": 3,
                "min": 1
              },
              "function": "minecraft:set_count"
            }
          ],
          "name": "minecraft:emerald",
          "weight": 2
        },
        {
          "type": "minecraft:item",
          "functions": [
            {
              "add": false,
              "count": {
                "type": "minecraft:uniform",
                "max": 6,
                "min": 4
              },
              "function": "minecraft:set_count"
            }
          ],
          "name": "minecraft:bone",
          "weight": 20
        },
        {
          "type": "minecraft:item",
          "functions": [
            {
              "add": false,
              "count": {
                "type": "minecraft:uniform",
                "max": 7,
                "min": 3
              },
              "function": "minecraft:set_count"
            }
          ],
          "name": "minecraft:rotten_flesh",
          "weight": 16
        },
        {
          "type": "minecraft:item",
          "functions": [
            {
              "add": false,
              "count": {
                "type": "minecraft:uniform",
                "max": 5,
                "min": 1
              },
              "function": "minecraft:set_count"
            }
          ],
          "name": "minecraft:leather",
          "weight": 3
        },
        {
          "type": "minecraft:item",
          "name": "minecraft:copper_horse_armor"
        },
        {
          "type": "minecraft:item",
          "name": "minecraft:iron_horse_armor"
        },
        {
          "type": "minecraft:item",
          "name": "minecraft:golden_horse_armor"
        },
        {
          "type": "minecraft:item",
          "name": "minecraft:diamond_horse_armor"
        },
        {
          "type": "minecraft:item",
          "functions": [
            {
              "function": "minecraft:enchant_with_levels",
              "levels": 30,
              "options": "#minecraft:on_random_loot"
            }
          ],
          "name": "minecraft:book"
        }
      ],
      "rolls": {
        "type": "minecraft:uniform",
        "max": 6,
        "min": 2
      }
    },
    {
      "bonus_rolls": 0,
      "entries": [
        {
          "type": "minecraft:empty",
          "weight": 2
        },
        {
          "type": "minecraft:item",
          "functions": [
            {
              "add": false,
              "count": 2,
              "function": "minecraft:set_count"
            }
          ],
          "name": "minecraft:wild_armor_trim_smithing_template"
        }
      ],
      "rolls": 1
    },
    {
      "rolls": 1,
      "entries": [
        {
          "type": "minecraft:empty"
        },
        {
          "type": "minecraft:item",
          "name": "minecraft:flower_banner_pattern",
          "conditions": [],
          "functions": [
            {
              "function": "minecraft:set_components",
              "components": {
                "minecraft:item_model": "spell_dart",
                "minecraft:item_name": "Spell Pattern",
                "minecraft:rarity": "rare",
                "minecraft:lore": [
                  {
                    "text": "Poison Darts [30☆]",
                    "color": "gray",
                    "italic": false
                  }
                ]
              }
            },
            {
              "function": "minecraft:set_custom_data",
              "tag": {
                "dartspell": true
              }
            },
            {
              "function": "minecraft:set_count",
              "count": 1
            }
          ]
        }
      ]
    }
  ],
  "random_sequence": "minecraft:chests/jungle_temple"
}