{
  "type": "minecraft:multi_action",
  "title": {
    "text": "[Challenges]",
    "type": "text",
    "color": "red"
  },
  "body": [
    {
      "type": "minecraft:plain_message",
      "contents": {
        "text": "<Hitless Early Game>",
        "color": "dark_red"
      }
    },
    {
      "type": "minecraft:plain_message",
      "contents": {
        "text": "Get to the Nether without getting hit."
      }
    },
    {
      "type": "minecraft:plain_message",
      "contents": [
        "Minimum difficulty: ",
        {
          "text": "Divinity",
          "color": "black"
        }
      ]
    },
    {
      "type": "minecraft:plain_message",
      "contents": [
        {
          "text": "Reward: "
        },
        {
          "text": "7 Scale Points",
          "color": "gold"
        }
      ]
    }
  ],
  "inputs": [],
  "pause": false,
  "exit_action": {
    "label": "Go back",
    "action": {
      "type": "minecraft:show_dialog",
      "dialog": "slevel:challenges"
    }
  },
  "columns": 3,
  "actions": [
    {
      "label": "<< Previous page",
      "action": {
        "type": "minecraft:show_dialog",
        "dialog": "slevel:challenge2"
      }
    },
    {
      "label": {
        "text": "Accept the Challenge",
        "color": "red"
      },
      "action": {
        "type": "minecraft:run_command",
        "command": "/trigger SelectC3"
      }
    },
    {
      "label": {
        "text": "Next page >>",
        "color": "white"
      },
      "action": {
        "type": "minecraft:show_dialog",
        "dialog": "slevel:challenge1"
      }
    }
  ]
}