{
  "type": "minecraft:multi_action",
  "title": {
    "text": "[Challenges]",
    "type": "text",
    "color": "red"
  },
  "body": [
    {
      "type": "minecraft:plain_message",
      "contents": {
        "text": "<No Diamonds Run>",
        "color": "aqua"
      }
    },
    {
      "type": "minecraft:plain_message",
      "contents": {
        "text": "Beat the game without getting a single diamond into your inventory."
      }
    },
    {
      "type": "minecraft:plain_message",
      "contents": [
        "Minimum difficulty: ",
        {
          "text": "Expert",
          "color": "red"
        }
      ]
    },
    {
      "type": "minecraft:plain_message",
      "contents": [
        {
          "text": "Reward: "
        },
        {
          "text": "5 Scale Points",
          "color": "gold"
        }
      ]
    }
  ],
  "inputs": [],
  "pause": false,
  "exit_action": {
    "label": "Go back",
    "action": {
      "type": "minecraft:show_dialog",
      "dialog": "slevel:challenges"
    }
  },
  "columns": 3,
  "actions": [
    {
      "label": "<< Previous page",
      "action": {
        "type": "minecraft:show_dialog",
        "dialog": "slevel:challenge3"
      }
    },
    {
      "label": {
        "text": "Accept the Challenge",
        "color": "red"
      },
      "action": {
        "type": "minecraft:run_command",
        "command": "/trigger SelectC1"
      }
    },
    {
      "label": {
        "text": "Next page >>",
        "color": "white"
      },
      "action": {
        "type": "minecraft:show_dialog",
        "dialog": "slevel:challenge2"
      }
    }
  ]
}