{
  "description": {
    "text": "Anti-Armor",
    "color": "gold"
  },
  "supported_items": [
    "minecraft:iron_spear",
    "minecraft:enchanted_book"
  ],
  "primary_items": [
    "minecraft:iron_spear",
    "minecraft:enchanted_book"
  ],
  "weight": 1,
  "max_level": 1,
  "min_cost": {
    "base": 5,
    "per_level_above_first": 1
  },
  "max_cost": {
    "base": 10,
    "per_level_above_first": 1
  },
  "anvil_cost": 0,
  "slots": [
    "mainhand"
  ],
  "effects": {
    "minecraft:armor_effectiveness": [
      {
        "effect": {
          "type": "minecraft:set",
          "value": 0
        }
      }
    ]
  }
}