{
  "description": {
    "text": "Venomous",
    "color": "gold"
  },
  "supported_items": [
    "minecraft:enchanted_book",
    "minecraft:diamond_spear",
    "minecraft:netherite_spear"
  ],
  "primary_items": [
    "minecraft:enchanted_book",
    "minecraft:diamond_spear",
    "minecraft:netherite_spear"
  ],
  "weight": 10,
  "max_level": 5,
  "min_cost": {
    "base": 5,
    "per_level_above_first": 5
  },
  "max_cost": {
    "base": 10,
    "per_level_above_first": 5
  },
  "anvil_cost": 0,
  "slots": [
    "mainhand"
  ],
  "effects": {
    "minecraft:post_attack": [
      {
        "effect": {
          "type": "minecraft:apply_mob_effect",
          "to_apply": "minecraft:poison",
          "min_duration": {
            "type": "minecraft:linear",
            "base": 7,
            "per_level_above_first": 2
          },
          "max_duration": {
            "type": "minecraft:linear",
            "base": 7,
            "per_level_above_first": 2
          },
          "min_amplifier": 1,
          "max_amplifier": 1
        },
        "enchanted": "attacker",
        "affected": "victim"
      }
    ]
  }
}