{
  "type": "minecraft:entity",
  "pools": [
    {
      "bonus_rolls": 0,
      "entries": [
        {
          "type": "minecraft:item",
          "name": "minecraft:totem_of_undying"
        }
      ],
      "rolls": 1
    },
    {
      "bonus_rolls": 0,
      "conditions": [
        {
          "condition": "minecraft:killed_by_player"
        }
      ],
      "entries": [
        {
          "type": "minecraft:item",
          "functions": [
            {
              "add": false,
              "count": {
                "type": "minecraft:uniform",
                "max": 1,
                "min": 0
              },
              "function": "minecraft:set_count"
            },
            {
              "count": {
                "type": "minecraft:uniform",
                "max": 1,
                "min": 0
              },
              "enchantment": "minecraft:looting",
              "function": "minecraft:enchanted_count_increase"
            }
          ],
          "name": "minecraft:emerald"
        }
      ],
      "rolls": 1
    },
    {
      "rolls": 1,
      "entries": [
        {
          "type": "minecraft:empty",
          "weight": 1
        },
        {
          "type": "minecraft:item",
          "name": "minecraft:flower_banner_pattern",
          "weight": 1,
          "conditions": [],
          "functions": [
            {
              "function": "minecraft:set_components",
              "components": {
                "minecraft:item_model": "spell_fangs",
                "minecraft:item_name": "Spell Pattern",
                "minecraft:rarity": "rare",
                "minecraft:lore": [
                  {
                    "text": "Rising Bite [25☆]",
                    "color": "gray",
                    "italic": false
                  }
                ]
              }
            },
            {
              "function": "minecraft:set_count",
              "count": 1
            },
            {
              "function": "minecraft:set_custom_data",
              "tag": {
                "fangspell": true
              }
            }
          ]
        }
      ],
      "functions": []
    }
  ],
  "random_sequence": "minecraft:entities/evoker"
}