{
  "type": "minecraft:entity",
  "pools": [
    {
      "bonus_rolls": 0,
      "entries": [
        {
          "type": "minecraft:item",
          "name": "minecraft:sculk_catalyst"
        }
      ],
      "rolls": 1
    },
    {
      "rolls": 1,
      "entries": [
        {
          "type": "minecraft:item",
          "name": "minecraft:flower_banner_pattern",
          "weight": 1,
          "functions": [
            {
              "function": "minecraft:set_components",
              "components": {
                "minecraft:item_model": "spell_sonic",
                "minecraft:item_name": "Spell Pattern",
                "minecraft:rarity": "rare",
                "minecraft:lore": [
                  {
                    "text": "Sonic Boom [160☆]",
                    "color": "gray",
                    "italic": false
                  }
                ]
              }
            },
            {
              "function": "minecraft:set_count",
              "count": 1
            },
            {
              "function": "minecraft:set_custom_data",
              "tag": {
                "sonicspell": true
              }
            }
          ]
        }
      ]
    }
  ],
  "random_sequence": "minecraft:entities/warden"
}