{
  "type": "minecraft:crafting_shaped",
  "category": "equipment",
  "pattern": [
    " S ",
    " T ",
    " S "
  ],
  "key": {
    "S": [
      "minecraft:stick"
    ],
    "T": [
      "minecraft:diamond"
    ]
  },
  "result": {
    "id": "minecraft:stick",
    "components": {
      "minecraft:consumable": {
        "consume_seconds": 1000000000,
        "animation": "spyglass",
        "has_consume_particles": false,
        "on_consume_effects": []
      },
      "minecraft:item_model": "diamondwand",
      "minecraft:item_name": "Diamond Wand",
      "minecraft:lore": [
        [
          {
            "text": "Req. Stats: ",
            "color": "gray",
            "italic": false
          },
          {
            "text": "7 Se 1 Ag",
            "color": "yellow"
          }
        ],
        "",
        {
          "text": "When in Main Hand:",
          "color": "gray",
          "italic": false
        },
        {
          "text": "+5 Mana Return",
          "color": "dark_green",
          "italic": false
        },
        {
          "text": "0.3 Shorter Mana Cooldown",
          "color": "dark_green",
          "italic": false
        }
      ],
      "minecraft:custom_data": {
        "wand": true,
        "wandlevel4": true
      }
    }
  }
}